1,Raul,Graham,24,raul.graham@example.com,kiwi,40753209902
2,Dylan,Harris,42,dylan.harris@example.com,snoopy1,40753809608
3,Miriam,Olson,50,miriam.olson@example.com,printing,40753396529
4,Todd,Ortiz,26,todd.ortiz@example.com,oregon,40753945220
5,Martin,Flores,54,martin.flores@example.com,chandler,40753815105
6,Ella,Fowler,33,ella.fowler@example.com,woofer,40753487886
7,Amber,Lane,23,amber.lane@example.com,fidelio,40753524146
8,Terri,Rhodes,35,terri.rhodes@example.com,chinese,40753650209
9,Ann,Palmer,51,ann.palmer@example.com,bowwow,40753402085
10,Dave,Kuhn,29,dave.kuhn@example.com,bullseye,40753890376
11,Ross,Riley,32,ross.riley@example.com,operations,40753070755
12,Bob,Wells,63,bob.wells@example.com,Coming123,40753765765
13,Luke,Gilbert,20,luke.gilbert@example.com,adrian43,40753176438
14,Tim,Diaz,27,tim.diaz@example.com,1214,40753042360
15,Francis,Perez,60,francis.perez@example.com,steeler,40753393140
16,Tudor,Suiu,19,tudor.suiu@example.com,parola123,40753912113